2013-10-21,1350.75
2013-10-23,1365.1
2013-11-18,1343.5
2013-11-26,1320.0
2013-12-04,1296.3
2013-12-05,1299.0
2013-12-12,1311.0
2013-12-17,1308.45
2013-12-18,1303.1
2013-12-19,1285.51
2013-12-20,1274.0
2013-12-23,1273.0
2013-12-24,1256.0
2014-01-09,1310.0
2014-01-10,1317.0
2014-01-13,1330.0
2014-01-14,1342.0
2014-01-15,1330.5
2014-01-16,1332.0
2014-01-17,1337.0
2014-01-21,1363.12
2014-01-22,1351.7
2014-01-30,1430.0
2014-01-31,1408.0
2014-02-04,1440.0
2014-02-06,1411.0
2014-02-07,1406.83
2014-02-10,1421.2
2014-02-11,1433.5
2014-02-12,1455.0
2014-02-13,1460.0
2014-02-17,1500.75
2014-02-18,1494.0
2014-02-19,1511.0
2014-02-20,1516.5
2014-02-21,1523.0
2014-02-24,1523.5
2014-02-25,1538.0
2014-02-27,1550.0
2014-02-28,1539.5
2014-03-03,1579.0
2014-03-04,1550.0
2014-03-05,1555.0
2014-03-06,1552.0
2014-03-07,1560.0
2014-03-11,1570.0
2014-03-12,1601.0
2014-03-13,1614.25
2014-03-14,1621.0
2014-03-17,1610.0
2014-03-18,1590.0
2014-03-19,1550.5
2014-03-20,1546.0
2014-03-21,1562.25
2014-03-24,1538.5
2014-03-25,1516.0
2014-03-26,1482.5
2014-03-27,1477.0
2014-03-28,1478.75
2014-03-31,1473.0
2014-04-01,1448.75
2014-04-02,1460.0
2014-04-03,1478.5
2014-04-04,1470.25
2014-04-07,1494.5
2014-04-08,1502.9
2014-04-09,1495.75
2014-04-10,1509.95
2014-04-11,1509.0
2014-04-14,1535.0
2014-04-15,1494.0
2014-04-16,1505.5
2014-04-17,1501.75
2014-04-21,1476.5
2014-04-22,1468.5
2014-04-23,1477.0
2014-04-24,1485.0
2014-04-25,1495.0
2014-04-28,1492.0
2014-04-29,1484.0
2014-04-30,1485.0
2014-05-05,1512.0
2014-05-06,1490.0
2014-05-08,1441.5
2014-05-12,1457.75
2014-05-13,1452.5
2014-05-14,1454.25
2014-05-16,1443.75
2014-05-19,1444.5
2014-05-20,1433.0
2014-05-21,1437.25
2014-05-22,1432.77
2014-05-23,1423.31
2014-05-26,1418.24
2014-05-28,1404.0
2014-05-29,1399.0
2014-05-30,1404.0
2014-06-02,1397.0
2014-06-04,1408.0
2014-06-05,1394.5
2014-06-06,1399.25
2014-06-09,1387.5
2014-06-11,1391.25
2014-06-16,1425.0
2014-06-17,1420.5
2014-06-18,1412.0
2014-06-19,1430.0
2014-06-20,1456.0
2014-06-25,1432.0
2014-06-26,1427.0
2014-06-27,1431.5
2014-06-30,1430.75
2014-07-02,1468.0
2014-07-03,1454.0
2014-07-04,1464.0
2014-07-07,1459.25
2014-07-09,1448.0
2014-07-11,1469.0
2014-07-15,1447.0
2014-07-16,1434.65
2014-07-17,1466.0
2014-07-18,1473.0
2014-07-23,1463.0
2014-07-24,1463.0
2014-07-25,1464.5
2014-07-28,1483.65
2014-07-29,1498.65
2014-07-30,1476.0
2014-07-31,1479.75
2014-08-01,1473.75
2014-08-04,1483.05
2014-08-07,1517.3
2014-08-08,1545.1
2014-08-11,1517.5
2014-08-12,1527.0
2014-08-13,1526.25
2014-08-15,1519.0
2014-08-18,1504.05
2014-08-20,1512.0
2014-08-21,1490.0
2014-08-22,1481.1
2014-08-25,1485.0
2014-08-26,1497.5
2014-08-28,1528.5
2014-08-29,1525.8
2014-09-01,1543.5
2014-09-02,1531.2
2014-09-03,1507.5
2014-09-04,1507.6
2014-09-05,1502.4
2014-09-08,1508.4
2014-09-10,1498.0
2014-09-11,1492.8
2014-09-12,1496.2
2014-09-15,1517.9
2014-09-16,1534.0
2014-09-17,1521.2
2014-09-18,1511.5
2014-09-19,1510.17
2014-09-23,1516.9
2014-09-24,1514.2
2014-09-25,1503.7
2014-09-29,1548.0
2014-09-30,1540.0
2014-10-01,1538.7
2014-10-02,1543.1
2014-10-03,1532.1
2014-10-06,1531.3
2014-10-07,1552.1
2014-10-08,1568.0
2014-10-09,1579.0
2014-10-10,1587.3
2014-10-13,1594.2
2014-10-14,1617.5
2014-10-15,1609.0
2014-10-16,1635.0
2014-10-17,1625.0
2014-10-20,1640.0
2014-10-21,1646.0
2014-10-22,1642.6
2014-10-23,1655.63
2014-10-24,1659.3
2014-10-27,1668.0
2014-10-28,1679.8
2014-10-29,1680.0
2014-10-30,1655.0
2014-10-31,1596.96
2014-11-05,1659.8
2014-11-06,1691.5
2014-11-07,1718.8
2014-11-10,1700.0
2014-11-11,1745.0
2014-11-12,1710.0
2014-11-13,1742.0
2014-11-14,1745.5
2014-11-17,1798.7
2014-11-18,1799.0
2014-11-19,1794.0
2014-11-20,1766.2
2014-11-21,1762.78
2014-11-24,1723.3
2014-11-25,1770.0
2014-11-26,1814.7
2014-11-27,1855.7
2014-11-28,1874.3
2014-12-01,2010.0
2014-12-02,2040.0
2014-12-03,2057.5
2014-12-04,2094.8
2014-12-05,2008.1
2014-12-08,2052.3
2014-12-09,2149.0
2014-12-10,2149.6
2014-12-11,2170.0
2014-12-12,2271.3
2014-12-15,2450.0
2014-12-16,2510.0
2014-12-17,2333.0
2014-12-18,2375.0
2014-12-19,2302.0
2014-12-22,2130.0
2014-12-23,2069.0
2014-12-24,2017.0
2014-12-26,1985.0
2014-12-29,2145.0
2014-12-30,2155.4
2015-01-12,2478.9
2015-01-13,2611.5
2015-01-14,2643.0
2015-01-15,2608.7
2015-01-16,2675.0
2015-01-19,2646.1
2015-01-20,2699.2
2015-01-21,2731.0
2015-01-22,2690.0
2015-01-23,2678.0
2015-01-26,2777.0
2015-01-27,2777.0
2015-01-29,2797.0
2015-01-30,2840.0
2015-02-02,2825.0
2015-02-03,2626.4
2015-02-04,2690.0
2015-02-05,2709.0
2015-02-06,2678.5
2015-02-09,2618.4
2015-02-10,2620.0
2015-02-11,2628.5
2015-02-13,2513.9
2015-02-16,2480.0
2015-02-17,2450.6
2015-02-18,2422.9
2015-02-19,2413.2
2015-02-20,2405.0
2015-02-24,2436.0
2015-02-25,2395.8
2015-02-26,2345.1
2015-02-27,2416.3
2015-03-02,2432.0
2015-03-05,2357.0
2015-03-10,2269.5
2015-03-11,2300.0
2015-03-12,2280.0
2015-03-16,2310.0
2015-03-17,2278.85
2015-03-18,2245.0
2015-03-19,2246.81
2015-03-23,2256.0
2015-03-24,2209.7
2015-03-25,2200.0
2015-03-26,2220.5
2015-03-27,2231.4
2015-03-30,2237.0
2015-03-31,2217.0
2015-04-01,2215.5
2015-04-02,2190.2
2015-04-03,2201.6
2015-04-07,2151.0
2015-04-08,2070.0
2015-04-09,1996.8
2015-04-10,2017.0
2015-04-13,2022.2
2015-04-14,1981.5
2015-04-16,1948.2
2015-04-17,2041.3
2015-04-20,2061.7
2015-04-21,2065.7
2015-04-22,2005.0
2015-04-23,1950.0
2015-04-24,1929.8
2015-04-27,2004.0
2015-04-28,2000.0
2015-04-29,1995.0
2015-04-30,1950.0
2015-05-05,1976.2
2015-05-06,1924.5
2015-05-07,1921.6
2015-05-08,1935.0
2015-05-12,1934.0
2015-05-13,1901.6
2015-05-14,1970.2
2015-05-15,1951.3
2015-05-18,1941.1
2015-05-19,1936.0
2015-05-20,1943.0
2015-05-22,1940.0
2015-05-25,1937.0
2015-05-26,1938.4
2015-05-27,1956.0
2015-05-28,2018.4
2015-05-29,2006.8
2015-06-01,2054.0
2015-06-03,2062.0
2015-06-04,2111.0
2015-06-05,2124.0
2015-06-08,2121.0
2015-06-09,2105.8
2015-06-10,2078.3
2015-06-11,2075.5
2015-06-16,2040.0
2015-06-17,2055.0
2015-06-18,2057.0
2015-06-19,2104.1
2015-06-22,2059.0
2015-06-24,2056.8
2015-06-26,2079.0
2015-06-29,2102.0
2015-06-30,2099.7
2015-07-01,2092.0
2015-07-07,2145.4
2015-07-08,2118.3
2015-07-09,2132.0
2015-07-10,2102.7
2015-07-14,2108.0
2015-07-15,2092.7
2015-07-16,2092.4
2015-07-20,2032.2
2015-07-21,2022.4
2015-07-22,2002.0
2015-07-23,2034.0
2015-07-24,2035.0
2015-07-27,2091.9
2015-07-28,2117.6
2015-07-29,2069.1
2015-07-30,2082.3
2015-07-31,2095.0
2015-08-03,2213.6
2015-08-05,2193.6
2015-08-06,2236.5
2015-08-07,2258.27
2015-08-10,2246.0
2015-08-11,2270.5
2015-08-12,2333.0
2015-08-13,2303.4
2015-08-14,2330.0
2015-08-17,2347.0
2015-08-18,2358.8
2015-08-19,2360.0
2015-08-20,2476.5
2015-08-21,2518.0
2015-08-24,2621.6
2015-08-25,2507.2
2015-08-26,2498.3
2015-08-27,2382.7
2015-08-28,2364.0
2015-08-31,2337.8
2015-09-01,2432.8
2015-09-03,2428.6
2015-09-07,2461.4
2015-09-08,2455.0
2015-09-09,2432.8
2015-09-10,2428.0
2015-09-11,2394.0
2015-09-15,2364.6
2015-09-16,2334.8
2015-09-17,2360.5
2015-09-18,2401.6
2015-09-21,2408.0
2015-09-22,2406.1
2015-09-24,2447.0
2015-09-25,2408.0
2015-09-28,2395.0
2015-09-29,2393.5
2015-09-30,2362.5
2015-10-01,2339.8
2015-10-02,2432.0
2015-10-05,2370.0
2015-10-06,2374.4
2015-10-07,2276.1
2015-10-08,2250.0
2015-10-09,2283.5
2015-10-12,2324.1
2015-10-13,2363.0
2015-10-14,2363.0
2015-10-15,2385.0
2015-10-19,2330.1
2015-10-20,2346.1
2015-10-21,2369.5
2015-10-22,2351.6
2015-10-23,2333.0
2015-10-27,2393.0
2015-10-28,2432.1
2015-10-29,2403.0
2015-10-30,2337.0
2015-11-02,2335.0
2015-11-03,2258.0
2015-11-05,2245.0
2015-11-06,2264.0
2015-11-09,2264.0
2015-11-11,2286.0
2015-11-12,2300.0
2015-11-13,2318.7
2015-11-16,2323.0
2015-11-17,2228.5
2015-11-18,2232.5
2015-11-19,2248.0
2015-11-20,2232.0
2015-11-23,2254.1
2015-11-24,2269.5
2015-11-25,2257.2
2015-11-27,2265.0
2015-11-30,2250.0
2015-12-01,2276.1
2015-12-02,2302.0
2015-12-03,2289.3
2015-12-04,2366.8
2015-12-07,2397.0
2015-12-08,2381.0
2015-12-09,2403.0
2015-12-11,2432.0
2015-12-14,2411.7
2015-12-15,2395.0
2015-12-16,2416.8
2015-12-17,2415.0
2015-12-18,2418.0
2015-12-21,2458.0
2015-12-22,2452.3
2015-12-23,2420.0
2015-12-24,2424.0
2015-12-28,2480.0
2015-12-29,2483.0
2016-01-11,2690.1
2016-01-12,2653.0
2016-01-13,2650.0
2016-01-15,2658.0
2016-01-18,2745.7
2016-01-19,2729.4
2016-01-20,2884.8
2016-01-21,2917.0
2016-01-22,2773.2
2016-01-25,2810.3
2016-01-26,2812.0
2016-01-27,2832.0
2016-01-28,2712.0
2016-01-29,2680.0
2016-02-01,2760.0
2016-02-02,2879.0
2016-02-03,2829.0
2016-02-04,2837.0
2016-02-05,2842.0
2016-02-08,3043.0
2016-02-09,3047.0
2016-02-10,2996.0
2016-02-11,3234.0
2016-02-12,3165.0
2016-02-15,3020.0
2016-02-16,3000.0
2016-02-17,2970.0
2016-02-18,2985.0
2016-02-19,3039.0
2016-02-24,3001.0
2016-02-25,2985.0
2016-02-26,3000.0
2016-02-29,2979.0
2016-03-01,2920.0
2016-03-02,2930.0
2016-03-03,2960.0
2016-03-04,2981.0
2016-03-07,2939.0
2016-03-09,2847.0
2016-03-10,2924.0
2016-03-11,2822.0
2016-03-14,2778.0
2016-03-15,2794.0
2016-03-16,2807.0
2016-03-17,2782.0
2016-03-18,2766.0
2016-03-21,2710.0
2016-03-22,2710.0
2016-03-23,2672.0
2016-03-24,2694.0
2016-03-25,2655.0
2016-03-28,2675.0
2016-03-29,2720.0
2016-03-30,2678.0
2016-03-31,2659.0
2016-04-01,2680.0
2016-04-04,2680.0
2016-04-05,2708.0
2016-04-06,2698.0
2016-04-07,2727.0
2016-04-11,2691.0
2016-04-12,2680.0
2016-04-13,2652.0
2016-04-14,2595.0
2016-04-15,2626.0
2016-04-18,2685.0
2016-04-19,2648.0
2016-04-20,2638.0
2016-04-21,2651.0
2016-04-22,2645.0
2016-04-25,2656.0
2016-04-27,2604.0
2016-04-28,2635.0
2016-04-29,2673.0
2016-05-04,2717.0
2016-05-05,2700.0
2016-05-06,2730.0
2016-05-10,2690.0
2016-05-12,2674.0
2016-05-13,2662.0
2016-05-16,2673.0
2016-05-18,2665.0
2016-05-19,2675.0
2016-05-20,2693.0
2016-05-23,2683.0
2016-05-24,2632.0
2016-05-25,2568.0
2016-05-26,2585.0
2016-05-30,2560.0
2016-05-31,2576.0
2016-06-01,2625.0
2016-06-02,2624.0
2016-06-06,2617.0
2016-06-07,2583.0
2016-06-08,2593.0
2016-06-09,2610.0
2016-06-10,2627.0
2016-06-14,2715.0
2016-06-15,2693.0
2016-06-16,2715.0
2016-06-17,2693.0
2016-06-20,2634.0
2016-06-21,2610.0
2016-06-22,2625.0
2016-06-23,2609.0
2016-06-24,2762.0
2016-06-27,2769.0
2016-06-28,2725.0
2016-06-29,2720.0
2016-06-30,2722.0
2016-07-01,2747.0
2016-07-04,2773.0
2016-07-06,2844.0
2016-07-07,2808.0
2016-07-08,2780.0
2016-07-11,2789.5
2016-07-15,2698.0
2016-07-19,2714.0
2016-07-20,2686.0
2016-07-22,2752.0
2016-07-25,2737.0
2016-07-26,2816.0
2016-07-27,2805.0
2016-07-28,2864.0
2016-07-29,2880.0
2016-08-01,2891.0
2016-08-02,2932.0
2016-08-03,2885.0
2016-08-08,2770.0
2016-08-09,2789.0
2016-08-10,2811.0
2016-08-11,2763.0
2016-08-12,2806.0
2016-08-15,2756.0
2016-08-16,2760.0
2016-08-18,2765.0
2016-08-19,2758.0
2016-08-22,2779.0
2016-08-24,2763.0
2016-08-25,2742.0
2016-08-29,2758.0
2016-08-30,2750.0
2016-08-31,2742.0
2016-09-01,2784.0
2016-09-05,2774.0
2016-09-06,2786.0
2016-09-08,2739.0
2016-09-09,2773.0
2016-09-12,2782.0
2016-09-13,2770.0
2016-09-14,2765.0
2016-09-16,2742.0
2016-09-19,2733.0
2016-09-20,2739.0
2016-09-21,2736.0
2016-09-22,2733.0
2016-09-23,2733.0
2016-09-26,2748.0
2016-09-27,2720.0
2016-09-28,2727.0
2016-09-29,2671.0
2016-09-30,2691.0
2016-10-03,2624.0
2016-10-04,2568.0
2016-10-05,2540.0
2016-10-06,2509.0
2016-10-07,2486.0
2016-10-11,2520.0
2016-10-12,2522.0
2016-10-13,2561.0
2016-10-14,2537.0
2016-10-17,2542.0
2016-10-18,2550.0
2016-10-19,2550.0
2016-10-20,2549.0
2016-10-21,2543.0
2016-10-24,2520.0
2016-10-25,2535.0
2016-10-26,2541.0
2016-10-27,2565.0
2016-10-28,2570.0
2016-10-31,2578.0
2016-11-01,2601.0
2016-11-02,2675.0
2016-11-07,2633.0
2016-11-08,2630.0
2016-11-09,2653.0
2016-11-11,2638.0
2016-11-15,2540.0
2016-11-16,2545.0
2016-11-17,2530.0
2016-11-18,2528.0
2016-11-21,2497.0
2016-11-22,2504.0
2016-11-23,2469.0
2016-11-24,2459.0
2016-11-25,2459.0
2016-11-28,2471.0
2016-11-29,2491.0
2016-11-30,2422.0
2016-12-01,2411.0
2016-12-02,2422.0
2016-12-06,2397.0
2016-12-07,2397.0
2016-12-09,2359.0
2016-12-12,2280.0
2016-12-13,2248.0
2016-12-14,2290.0
2016-12-15,2241.0
2016-12-16,2240.0
2016-12-19,2264.0
2016-12-20,2251.0
2016-12-21,2225.0
2016-12-22,2215.0
2016-12-23,2220.0
2016-12-27,2240.0
2016-12-28,2211.0
2016-12-29,2243.0
2016-12-30,2294.0
2017-01-09,2268.0
2017-01-10,2288.0
2017-01-11,2295.0
2017-01-12,2304.0
2017-01-13,2292.0
2017-01-16,2311.0
2017-01-18,2320.0
2017-01-19,2310.0
2017-01-20,2314.0
2017-01-24,2313.0
2017-01-25,2286.0
2017-01-26,2305.0
2017-01-27,2279.0
2017-01-30,2308.0
2017-01-31,2335.0
2017-02-01,2341.0
2017-02-02,2341.0
2017-02-03,2315.0
2017-02-06,2328.0
2017-02-07,2352.0
2017-02-08,2365.0
2017-02-09,2343.0
2017-02-10,2308.0
2017-02-13,2284.0
2017-02-14,2272.0
2017-02-15,2278.0
2017-02-16,2277.0
2017-02-17,2325.0
2017-02-20,2314.0
2017-02-21,2280.0
2017-02-22,2305.0
2017-02-27,2332.0
2017-02-28,2340.0
2017-03-01,2323.0
2017-03-02,2336.0
2017-03-03,2321.0
2017-03-06,2300.0
2017-03-07,2273.0
2017-03-09,2298.0
2017-03-10,2285.0
2017-03-13,2298.0
2017-03-14,2283.0
2017-03-15,2280.0
2017-03-16,2280.0
2017-03-17,2290.0
2017-03-20,2270.02
2017-03-21,2270.0
2017-03-22,2318.0
2017-03-23,2310.0
2017-03-24,2300.0
2017-03-27,2312.0
2017-03-29,2280.0
2017-03-30,2254.5
2017-03-31,2250.0
2017-04-03,2263.5
2017-04-04,2284.5
2017-04-05,2257.5
2017-04-06,2272.0
2017-04-07,2323.0
2017-04-10,2312.0
2017-04-11,2301.5
2017-04-17,2323.0
2017-04-18,2321.0
2017-04-19,2312.5
2017-04-21,2309.0
2017-04-24,2290.0
2017-04-26,2300.0
2017-04-27,2318.0
2017-04-28,2320.5
2017-05-02,2300.0
2017-05-03,2299.0
2017-05-04,2305.0
2017-05-05,2292.5
2017-05-10,2281.5
2017-05-12,2260.0
2017-05-15,2227.0
2017-05-16,2234.0
2017-05-17,2300.0
2017-05-18,2345.0
2017-05-22,2295.0
2017-05-23,2291.0
2017-05-24,2273.0
2017-05-25,2268.0
2017-05-26,2306.5
2017-05-29,2304.5
2017-05-30,2305.0
2017-05-31,2311.5
2017-06-01,2300.0
2017-06-02,2303.5
2017-06-05,2335.0
2017-06-06,2357.0
2017-06-07,2349.0
2017-06-08,2335.0
2017-06-13,2312.0
2017-06-14,2345.0
2017-06-15,2327.0
2017-06-16,2329.5
2017-06-20,2374.0
2017-06-21,2402.5
2017-06-22,2410.5
2017-06-23,2410.0
2017-06-26,2366.5
2017-06-27,2374.5
2017-06-28,2394.0
2017-06-29,2365.0
2017-06-30,2359.0
2017-07-03,2337.0
2017-07-04,2327.0
2017-07-05,2360.0
2017-07-06,2367.0
2017-07-10,2338.5
2017-07-12,2363.0
2017-07-13,2354.5
2017-07-14,2348.5
2017-07-19,2360.0
2017-07-20,2354.0
2017-07-21,2359.5
2017-07-25,2411.0
2017-07-26,2397.0
2017-07-27,2416.0
2017-07-28,2402.5
2017-07-31,2440.0
2017-08-01,2448.5
2017-08-03,2460.0
2017-08-04,2442.0
2017-08-07,2420.5
2017-08-08,2412.0
2017-08-09,2455.0
2017-08-10,2470.0
2017-08-11,2485.0
2017-08-14,2456.5
2017-08-15,2443.5
2017-08-16,2435.0
2017-08-17,2442.0
2017-08-18,2476.5
2017-08-21,2446.0
2017-08-22,2434.0
2017-08-24,2440.5
2017-08-25,2445.0
2017-08-28,2440.0
2017-08-29,2490.51
2017-08-30,2454.0
2017-08-31,2450.0
2017-09-01,2444.0
2017-09-04,2480.0
2017-09-05,2460.0
2017-09-06,2455.0
2017-09-07,2453.0
2017-09-08,2477.5
2017-09-11,2455.0
2017-09-12,2465.0
2017-09-13,2469.0
2017-09-14,2455.0
2017-09-15,2445.0
2017-09-18,2436.0
2017-09-19,2438.0
2017-09-20,2436.0
2017-09-21,2401.0
2017-09-22,2397.0
2017-09-25,2385.0
2017-09-26,2407.0
2017-09-27,2400.0
2017-09-29,2382.5
2017-10-03,2365.0
2017-10-04,2365.5
2017-10-05,2350.0
2017-10-06,2357.5
2017-10-09,2402.0
2017-10-11,2395.0
2017-10-12,2399.0
2017-10-13,2393.0
2017-10-16,2398.5
2017-10-18,2358.5
2017-10-19,2374.0
2017-10-20,2369.0
2017-10-23,2350.0
2017-10-24,2358.0
2017-10-25,2357.5
2017-10-26,2370.0
2017-10-27,2375.0
2017-10-31,2382.0
2017-11-01,2392.0
2017-11-02,2400.0
2017-11-03,2405.0
2017-11-07,2415.0
2017-11-08,2449.0
2017-11-09,2449.0
2017-11-10,2447.0
2017-11-13,2441.0
2017-11-14,2474.5
2017-11-15,2475.5
2017-11-16,2463.5
2017-11-17,2458.0
2017-11-20,2464.0
2017-11-21,2435.0
2017-11-22,2428.0
2017-11-27,2418.0
2017-11-29,2427.0
2017-11-30,2405.5
2017-12-04,2413.5
2017-12-05,2403.5
2017-12-07,2393.0
2017-12-08,2374.5
2017-12-11,2371.5
2017-12-12,2352.0
2017-12-13,2356.5
2017-12-14,2375.0
2017-12-15,2380.0
2017-12-18,2370.0
2017-12-19,2382.0
2017-12-20,2385.5
2017-12-21,2381.0
2017-12-22,2377.5
2017-12-26,2375.5
2017-12-27,2384.0
2017-12-28,2388.5
2017-12-29,2398.5
2018-01-09,2411.5
2018-01-10,2416.5
2018-01-11,2413.0
2018-01-12,2420.5
2018-01-15,2432.0
2018-01-16,2420.5
2018-01-17,2440.0
2018-01-18,2420.0
2018-01-19,2424.0
2018-01-22,2423.5
2018-01-23,2432.5
2018-01-24,2450.0
2018-01-25,2418.0
2018-01-26,2424.0
2018-01-29,2432.0
2018-01-30,2430.0
2018-01-31,2427.0
2018-02-01,2429.0
2018-02-02,2432.5
2018-02-05,2463.0
2018-02-06,2471.0
2018-02-07,2441.0
2018-02-08,2439.0
2018-02-09,2464.5
2018-02-12,2461.0
2018-02-13,2465.0
2018-02-14,2470.0
2018-02-15,2467.5
2018-02-19,2444.0
2018-02-22,2416.0
2018-02-26,2409.5
2018-02-27,2393.0
2018-02-28,2380.0
2018-03-02,2428.0
2018-03-05,2414.0
2018-03-07,2435.5
2018-03-09,2417.5
2018-03-12,2409.0
2018-03-13,2409.5
2018-03-14,2431.0
2018-03-15,2429.0
2018-03-16,2441.0
2018-03-19,2439.5
2018-03-20,2440.0
2018-03-21,2431.0
2018-03-22,2447.0
2018-03-23,2474.5
2018-03-26,2501.0
2018-03-27,2469.5
2018-03-28,2474.5
2018-03-29,2444.5
2018-04-02,2480.0
2018-04-03,2480.0
2018-04-04,2489.0
2018-04-05,2464.0
2018-04-06,2487.5
2018-04-09,2573.5
2018-04-10,2718.5
2018-04-11,2709.0
2018-04-12,2652.5
2018-04-13,2658.5
2018-04-16,2679.5
2018-04-17,2662.5
2018-04-18,2675.0
2018-04-19,2648.0
2018-04-20,2642.0
2018-04-23,2641.0
2018-04-24,2627.0
2018-04-26,2669.0
2018-04-27,2650.0
2018-05-03,2670.0
2018-05-07,2649.0
2018-05-08,2665.0
2018-05-10,2631.0
2018-05-11,2619.0
2018-05-14,2616.0
2018-05-15,2602.0
2018-05-16,2589.5
2018-05-17,2571.0
2018-05-18,2575.0
2018-05-21,2565.0
2018-05-22,2550.5
2018-05-23,2567.5
2018-05-24,2567.0
2018-05-25,2610.0
2018-05-28,2603.0
2018-05-29,2610.0
2018-05-30,2604.0
2018-05-31,2606.5
2018-06-01,2584.5
2018-06-04,2586.0
2018-06-05,2591.5
2018-06-06,2590.0
2018-06-07,2589.5
2018-06-08,2600.0
2018-06-11,2580.0
2018-06-13,2610.0
2018-06-14,2613.0
2018-06-15,2590.0
2018-06-18,2611.0
2018-06-19,2610.5
2018-06-20,2600.5
2018-06-21,2593.0
2018-06-22,2571.5
2018-06-25,2559.0
2018-06-26,2551.0
2018-06-27,2544.0
2018-06-28,2541.0
2018-06-29,2527.0
2018-07-02,2537.5
2018-07-03,2542.0
2018-07-04,2552.0
2018-07-05,2543.0
2018-07-06,2545.0
2018-07-09,2527.0
2018-07-10,2500.0
2018-07-11,2490.5
2018-07-12,2483.5
2018-07-13,2482.0
2018-07-16,2481.0
2018-07-17,2476.0
2018-07-18,2475.0
2018-07-19,2480.0
2018-07-20,2508.5
2018-07-23,2486.5
2018-07-24,2477.0
2018-07-25,2485.5
2018-07-26,2474.0
2018-07-27,2467.5
2018-07-30,2457.0
2018-07-31,2445.5
2018-08-01,2457.0
2018-08-02,2477.5
2018-08-03,2473.0
2018-08-06,2477.5
2018-08-07,2470.0
2018-08-08,2519.0
2018-08-09,2580.5
2018-08-10,2626.0
2018-08-13,2616.0
2018-08-14,2560.0
2018-08-15,2557.5
2018-08-16,2526.0
2018-08-17,2559.0
2018-08-20,2571.0
2018-08-21,2577.0
2018-08-22,2604.5
2018-08-23,2609.0
2018-08-24,2606.0
2018-08-27,2610.5
2018-08-28,2630.0
2018-08-29,2639.0
2018-08-30,2635.0
2018-08-31,2611.0
2018-09-03,2630.0
2018-09-04,2621.0
2018-09-05,2621.0
2018-09-06,2681.0
2018-09-07,2673.0
2018-09-10,2707.0
2018-09-11,2670.0
2018-09-12,2665.0
2018-09-13,2636.0
2018-09-14,2655.5
2018-09-17,2625.0
2018-09-18,2599.5
2018-09-19,2578.5
2018-09-20,2573.5
2018-09-21,2559.0
2018-09-24,2543.0
2018-09-25,2538.5
2018-09-26,2526.5
2018-09-27,2499.5
2018-09-28,2510.5
2018-10-01,2506.5
2018-10-02,2532.0
2018-10-03,2540.0
2018-10-04,2589.5
2018-10-05,2575.5
2018-10-08,2550.0
2018-10-09,2550.5
2018-10-10,2525.0
2018-10-11,2605.0
2018-10-12,2590.5
2018-10-15,2592.5
2018-10-16,2589.5
2018-10-17,2581.5
2018-10-18,2591.5
2018-10-19,2589.0
2018-10-22,2569.5
2018-10-23,2602.0
2018-10-24,2581.5
2018-10-25,2600.0
2018-10-26,2612.5
2018-10-29,2591.0
2018-10-30,2584.0
2018-10-31,2562.0
2018-11-01,2600.0
2018-11-02,2603.5
2018-11-06,2600.0
2018-11-07,2608.0
2018-11-08,2621.0
2018-11-09,2637.5
2018-11-12,2620.5
2018-11-13,2621.0
2018-11-14,2609.5
2018-11-15,2577.5
2018-11-16,2590.5
2018-11-19,2588.5
2018-11-20,2594.5
2018-11-21,2598.5
2018-11-22,2586.0
2018-11-23,2604.5
2018-11-26,2644.0
2018-11-27,2622.0
2018-11-28,2626.5
2018-11-29,2610.0
2018-11-30,2622.0
2018-12-03,2638.5
2018-12-04,2656.0
2018-12-05,2655.0
2018-12-06,2668.5
2018-12-07,2669.5
2018-12-10,2656.0
2018-12-11,2653.0
2018-12-12,2650.0
2018-12-13,2645.0
2018-12-14,2654.0
2018-12-17,2662.0
2018-12-18,2690.0
2018-12-19,2715.0
2018-12-20,2750.0
2018-12-21,2775.0
2018-12-24,2800.0
2018-12-25,2750.0
2018-12-26,2834.0
2018-12-27,2856.0
2018-12-28,2884.0
2018-12-31,2912.0
2019-01-09,2768.0
2019-01-10,2778.0
2019-01-11,2785.5
2019-01-14,2784.5
2019-01-15,2783.5
2019-01-16,2766.0
2019-01-17,2750.0
2019-01-18,2726.5
2019-01-21,2724.0
2019-01-22,2739.0
2019-01-23,2725.5
2019-01-24,2716.0
2019-01-25,2752.0
2019-01-28,2760.0
2019-01-29,2784.0
2019-01-30,2780.0
2019-01-31,2780.0
2019-02-01,2779.5
2019-02-04,2770.0
2019-02-05,2771.0
2019-02-06,2781.5
2019-02-07,2777.0
2019-02-08,2784.5
2019-02-11,2763.0
2019-02-12,2761.0
2019-02-13,2750.0
2019-02-14,2823.0
2019-02-15,2822.0
2019-02-18,2819.0
2019-02-19,2829.0
2019-02-20,2839.5
2019-02-21,2794.0
2019-02-22,2786.0
2019-02-25,2796.0
2019-02-26,2805.5
2019-02-27,2801.5
2019-02-28,2791.5
2019-03-01,2758.5
2019-03-04,2719.0
2019-03-05,2718.0
2019-03-06,2720.0
2019-03-07,2726.0
2019-03-11,2750.5
2019-03-12,2743.0
2019-03-13,2754.0
2019-03-14,2726.0
2019-03-15,2739.0
2019-03-18,2697.0
2019-03-19,2709.5
2019-03-20,2695.0
2019-03-21,2688.5
2019-03-22,2728.0
2019-03-25,2732.5
2019-03-26,2723.0
2019-03-27,2743.5
2019-03-28,2714.0
2019-03-29,2711.0
2019-04-01,2710.0
2019-04-02,2710.5
2019-04-03,2700.0
2019-04-04,2705.0
2019-04-05,2700.0
2019-04-08,2718.5
2019-04-09,2710.0
2019-04-10,2707.5
2019-04-11,2689.0
2019-04-12,2677.5
2019-04-15,2656.0
2019-04-16,2642.0
2019-04-17,2623.0
2019-04-18,2627.5
2019-04-19,2618.0
2019-04-22,2616.5
2019-04-23,2600.0
2019-04-24,2629.0
2019-04-25,2654.0
2019-04-26,2669.0
2019-04-29,2652.0
2019-04-30,2653.5
2019-05-06,2685.0
2019-05-07,2675.0
2019-05-08,2694.5
2019-05-13,2705.0
2019-05-14,2724.0
2019-05-15,2691.0
2019-05-16,2676.5
2019-05-17,2660.0
2019-05-20,2650.0
2019-05-21,2640.0
2019-05-22,2630.0
2019-05-23,2645.0
2019-05-24,2660.0
2019-05-27,2666.5
2019-05-28,2661.5
2019-05-29,2687.0
2019-05-30,2693.5
2019-05-31,2723.0
2019-06-03,2753.0
2019-06-04,2782.0
2019-06-05,2806.0
2019-06-06,2802.5
2019-06-07,2805.5
2019-06-10,2762.5
2019-06-13,2773.0
2019-06-14,2788.5
2019-06-17,2762.5
2019-06-18,2763.5
2019-06-19,2764.5
2019-06-20,2802.0
2019-06-21,2840.5
2019-06-24,2844.0
2019-06-25,2895.0
2019-06-26,2848.0
2019-06-27,2847.0
2019-06-28,2863.0
2019-07-01,2817.0
2019-07-02,2832.0
2019-07-03,2896.0
2019-07-04,2886.0
2019-07-05,2854.5
2019-07-08,2854.0
2019-07-09,2850.0
2019-07-10,2850.0
2019-07-11,2852.5
2019-07-12,2855.0
2019-07-15,2853.5
2019-07-16,2850.0
2019-07-17,2866.5
2019-07-18,2890.0
2019-07-19,2907.0
2019-07-22,2881.0
2019-07-23,2895.0
2019-07-24,2887.5
2019-07-25,2894.0
2019-07-26,2875.0
2019-07-29,2893.0
2019-07-30,2916.5
2019-07-31,2905.0
2019-08-01,2968.0
2019-08-02,2993.5
2019-08-05,3075.0
2019-08-06,3065.0
2019-08-07,3140.0
2019-08-08,3125.0
2019-08-09,3142.5
2019-08-12,3172.0
2019-08-13,3118.5
2019-08-14,3204.0
2019-08-15,3233.0
2019-08-16,3223.5
2019-08-19,3225.0
2019-08-20,3219.5
2019-08-21,3185.0
2019-08-22,3169.0
2019-08-23,3205.0
2019-08-26,3245.0
2019-08-27,3299.5
2019-08-28,3313.0
2019-08-29,3278.0
2019-08-30,3269.0
2019-09-02,3265.0
2019-09-03,3332.0
2019-09-04,3301.5
2019-09-05,3200.0
2019-09-06,3214.5
2019-09-09,3159.5
2019-09-10,3144.0
2019-09-11,3146.0
2019-09-12,3155.0
2019-09-13,3089.0
2019-09-16,3099.0
2019-09-17,3099.5
2019-09-19,3080.0
2019-09-20,3094.0
2019-09-23,3127.0
2019-09-24,3131.0
2019-09-25,3100.0
2019-09-27,3091.0
2019-09-30,3097.5
2019-10-01,3108.0
2019-10-02,3140.0
2019-10-03,3156.0
2019-10-04,3140.0
2019-10-07,3135.5
2019-10-08,3153.5
2019-10-10,3095.0
2019-10-11,3051.0
2019-10-14,3085.0
2019-10-15,3073.5
2019-10-16,3063.0
2019-10-17,3064.5
2019-10-18,3069.0
2019-10-23,3067.5
2019-10-24,3065.0
2019-10-28,3079.5
2019-10-29,3054.5
2019-10-30,3076.0
2019-10-31,3110.0
2019-11-01,3080.0
2019-11-05,3046.0
2019-11-06,3038.0
2019-11-07,2981.0
2019-11-08,3017.0
2019-11-11,2992.5
2019-11-12,2992.0
2019-11-13,3027.0
2019-11-14,3018.5
2019-11-18,3017.5
2019-11-19,3003.5
2019-11-20,3027.0
2019-11-21,3012.0
2019-11-22,3008.0
2019-11-25,2990.5
2019-11-26,2989.0
2019-11-27,2990.0
2019-11-29,3006.5
2019-12-02,3009.5
2019-12-03,3035.0
2019-12-04,3029.0
2019-12-05,3030.0
2019-12-06,2999.5
2019-12-09,2994.5
2019-12-10,2998.0
2019-12-11,2997.5
2019-12-12,2963.0
2019-12-13,2958.0
2019-12-16,2965.5
2019-12-17,2964.0
2019-12-18,2963.5
2019-12-19,2964.5
2019-12-20,2953.5
2019-12-23,2971.0
2019-12-24,2987.5
2019-12-26,3017.0
2019-12-27,3014.5
2019-12-30,3018.0
2020-01-09,3061.5
2020-01-10,3061.5
2020-01-13,3054.0
2020-01-14,3045.0
2020-01-15,3067.0
2020-01-17,3074.0
2020-01-20,3090.5
2020-01-21,3097.0
2020-01-22,3102.0
2020-01-23,3111.0
2020-01-24,3135.5
2020-01-27,3198.5
2020-01-28,3148.5
2020-01-29,3170.0
2020-01-30,3212.0
2020-01-31,3229.5
2020-02-03,3217.0
2020-02-04,3136.0
2020-02-05,3130.0
2020-02-06,3186.5
2020-02-07,3230.5
2020-02-10,3244.5
2020-02-11,3191.0
2020-02-12,3178.5
2020-02-13,3215.0
2020-02-14,3225.5
2020-02-17,3225.0
2020-02-18,3286.5
2020-02-19,3286.0
2020-02-20,3348.0
2020-02-21,3400.0
2020-02-25,3480.0
2020-02-26,3435.0
2020-02-27,3525.5
2020-02-28,3505.0
2020-03-02,3429.0
2020-03-03,3417.5
2020-03-04,3480.0
2020-03-05,3600.0
2020-03-06,3627.0
2020-03-10,3831.5
2020-03-11,3850.0
2020-03-12,3738.0
2020-03-13,3577.0
2020-03-16,3558.0
2020-03-17,3695.0
2020-03-18,3841.5
2020-03-19,3791.5
2020-03-20,3795.0
2020-03-23,4000.0
2020-03-24,4116.0
2020-03-25,4040.0
2020-03-26,4061.0
2020-03-27,4133.0
2020-03-30,4145.5
2020-03-31,3993.0
2020-04-01,4035.5
2020-04-02,4033.0
2020-04-03,4011.5
2020-04-06,4039.0
2020-04-07,4018.5
2020-04-08,4003.5
2020-04-09,3969.5
2020-04-10,4000.5
2020-04-13,4061.5
2020-04-14,4068.0
2020-04-15,4147.5
2020-04-16,4114.5
2020-04-17,4023.0
2020-04-20,4101.0
2020-04-21,4164.0
2020-04-22,4173.0
2020-04-23,4150.5
2020-04-24,4118.0
2020-04-27,4100.0
2020-04-28,4065.0
2020-04-29,4003.0
2020-04-30,4050.5
2020-05-06,4048.0
2020-05-07,4102.0
2020-05-08,4020.0
2020-05-12,4000.0
2020-05-13,4068.0
2020-05-14,4119.0
2020-05-15,4134.0
2020-05-18,4045.0
2020-05-19,4051.5
2020-05-20,3997.5
2020-05-21,3935.0
2020-05-22,3990.0
2020-05-25,3980.0
2020-05-26,3903.5
2020-05-27,3903.5
2020-05-28,3880.0
2020-05-29,3932.0
2020-06-01,3871.0
2020-06-02,3830.0
2020-06-03,3733.5
2020-06-04,3801.0
2020-06-05,3681.56
2020-06-08,3728.69
2020-06-09,3777.5
2020-06-10,3806.0
2020-06-11,3889.5
2020-06-15,3866.0
2020-06-16,3867.5
2020-06-17,3866.5
2020-06-18,3854.5
2020-06-19,3882.83
2020-06-22,3915.0
2020-06-23,3892.5
2020-06-25,3918.0
2020-06-26,3924.0
2020-06-29,3992.0
2020-06-30,4080.0
2020-07-02,4025.5
2020-07-03,4076.0
2020-07-06,4094.5
2020-07-07,4110.36
2020-07-08,4151.5
2020-07-09,4100.0
2020-07-10,4100.0
2020-07-13,4113.5
2020-07-14,4127.9
2020-07-15,4133.5
2020-07-16,4126.07
2020-07-17,4169.0
2020-07-20,4172.0
2020-07-21,4174.4
2020-07-22,4251.0
2020-07-23,4325.0
2020-07-24,4394.0
2020-07-27,4459.0
2020-07-28,4534.5
2020-07-29,4604.0
2020-07-30,4604.5
2020-07-31,4690.0
2020-08-03,4638.5
2020-08-04,4723.0
2020-08-05,4777.5
2020-08-06,4866.0
2020-08-07,4825.0
2020-08-10,4818.0
2020-08-11,4510.0
2020-08-12,4602.3
2020-08-13,4576.0
2020-08-14,4579.68
2020-08-17,4641.85
2020-08-18,4724.5
2020-08-19,4569.5
2020-08-20,4624.0
2020-08-21,4635.01
2020-08-24,4630.0
2020-08-25,4630.0
2020-08-26,4738.0
2020-08-27,4650.0
2020-08-28,4700.0
2020-08-31,4687.5
2020-09-01,4665.5
2020-09-02,4707.0
2020-09-03,4674.0
2020-09-04,4655.0
2020-09-07,4702.0
2020-09-08,4727.0
2020-09-09,4709.0
2020-09-10,4722.0
2020-09-11,4675.5
2020-09-14,4734.0
2020-09-15,4704.5
2020-09-16,4725.0
2020-09-17,4702.5
2020-09-18,4739.0
2020-09-21,4667.0
2020-09-22,4661.0
2020-09-23,4594.0
2020-09-24,4625.0
2020-09-25,4666.5
2020-09-28,4754.0
2020-09-29,4804.5
2020-09-30,4736.93
2020-10-01,4749.5
2020-10-02,4778.5
2020-10-05,4827.5
2020-10-06,4773.19
2020-10-07,4740.0
2020-10-08,4704.0
2020-10-09,4756.0
2020-10-12,4760.5
2020-10-13,4693.5
2020-10-14,4752.5
2020-10-15,4783.5
2020-10-16,4782.75
2020-10-19,4755.0
2020-10-20,4753.5
2020-10-21,4757.0
2020-10-22,4675.5
2020-10-23,4652.5
2020-10-26,4650.0
2020-10-27,4723.0
2020-10-28,4769.0
2020-10-29,4749.5
2020-10-30,4795.0
2020-11-02,4910.0
2020-11-03,4864.5
2020-11-05,4828.5
2020-11-06,4858.0
2020-11-09,4553.5
2020-11-10,4609.5
2020-11-11,4612.5
2020-11-12,4663.0
2020-11-13,4695.0
2020-11-16,4622.0
2020-11-17,4618.5
2020-11-18,4575.46
2020-11-19,4560.5
2020-11-20,4594.0
2020-11-23,4500.0
2020-11-24,4391.5
2020-11-25,4388.0
2020-11-26,4402.0
2020-11-27,4370.0
2020-11-30,4373.0
2020-12-01,4406.5
2020-12-02,4419.0
2020-12-03,4396.0
2020-12-04,4351.51
2020-12-07,4394.5
2020-12-08,4400.0
2020-12-09,4350.0
2020-12-10,4309.0
2020-12-11,4320.0
2020-12-14,4302.5
2020-12-15,4377.0
2020-12-16,4373.0
2020-12-17,4412.0
2020-12-18,4446.5
2020-12-21,4511.0
2020-12-22,4542.0
2020-12-23,4509.5
2020-12-24,4476.0
2020-12-25,4505.0
2020-12-28,4452.0
2020-12-29,4471.0
2020-12-30,4510.0
2021-01-04,4628.0
2021-01-05,4651.0
2021-01-06,4589.0
2021-01-08,4445.0
2021-01-11,4439.48
2021-01-12,4386.0
2021-01-13,4390.0
2021-01-14,4340.0
2021-01-15,4323.5
2021-01-18,4374.0
2021-01-19,4350.0
2021-01-20,4421.0
2021-01-21,4430.0
2021-01-22,4488.0
2021-01-25,4494.0
2021-01-26,4469.5
2021-01-27,4496.0
2021-01-28,4493.0
2021-01-29,4489.0
2021-02-01,4544.5
2021-02-02,4498.0
2021-02-03,4476.0
2021-02-04,4361.5
2021-02-05,4351.0
2021-02-08,4379.5
2021-02-09,4370.0
2021-02-10,4373.0
2021-02-11,4319.0
2021-02-12,4305.0
2021-02-15,4282.0
2021-02-16,4246.5
2021-02-17,4204.0
2021-02-18,4217.0
2021-02-19,4242.5
2021-02-22,4267.0
2021-02-24,4255.0
2021-02-25,4261.0
2021-02-26,4148.0
2021-03-01,4106.0
2021-03-02,4113.0
2021-03-03,4081.57
2021-03-04,4071.5
2021-03-05,4053.5
2021-03-09,4078.0
2021-03-10,4082.0
2021-03-11,4058.0
2021-03-12,4056.0
2021-03-15,4053.0
2021-03-16,4045.0
2021-03-17,4133.5
2021-03-18,4146.0
2021-03-19,4157.5
2021-03-22,4190.5
2021-03-23,4238.0
2021-03-24,4270.0
2021-03-25,4236.5
2021-03-26,4214.0
2021-03-29,4169.0
2021-03-30,4108.0
2021-03-31,4158.0
2021-04-01,4242.0
2021-04-02,4249.0
2021-04-05,4241.0
2021-04-06,4328.5
2021-04-07,4304.0
2021-04-08,4330.5
2021-04-09,4332.0
2021-04-12,4302.0
2021-04-13,4262.0
2021-04-14,4232.5
2021-04-15,4333.0
2021-04-16,4323.0
2021-04-19,4348.0
2021-04-20,4398.21
2021-04-21,4420.0
2021-04-22,4328.5
2021-04-23,4287.5
2021-04-26,4293.0
2021-04-27,4280.0
2021-04-28,4260.0
2021-04-29,4250.0
2021-04-30,4271.0
2021-05-04,4280.0
2021-05-05,4300.5
2021-05-06,4327.0
2021-05-07,4338.5
2021-05-10,4385.0
2021-05-11,4375.0
2021-05-12,4355.99
2021-05-13,4347.95
2021-05-14,4390.5
2021-05-17,4436.0
2021-05-18,4424.5
2021-05-19,4433.0
2021-05-20,4450.0
2021-05-21,4448.0
2021-05-24,4448.0
2021-05-25,4483.0
2021-05-26,4478.0
2021-05-27,4485.0
2021-05-28,4482.5
2021-05-31,4498.5
2021-06-01,4496.5
2021-06-02,4483.5
2021-06-03,4412.0
2021-06-04,4427.0
2021-06-07,4443.5
2021-06-08,4400.0
2021-06-09,4393.4
2021-06-10,4379.0
2021-06-11,4360.48
2021-06-14,4327.5
2021-06-15,4310.0
2021-06-16,4266.01
2021-06-17,4125.0
2021-06-18,4128.0
2021-06-21,4191.0
2021-06-22,4164.0
2021-06-23,4156.01
2021-06-24,4126.0
2021-06-25,4132.0
2021-06-28,4127.0
2021-06-29,4120.0
2021-06-30,4159.54
2021-07-01,4183.0
2021-07-02,4200.0
2021-07-05,4238.64
2021-07-06,4293.0
2021-07-07,4329.5
2021-07-08,4325.0
2021-07-09,4321.0
2021-07-12,4322.0
2021-07-13,4321.0
2021-07-14,4350.0
2021-07-15,4374.0
2021-07-16,4312.0
2021-07-19,4344.5
2021-07-20,4326.5
2021-07-21,4288.0
2021-07-22,4284.0
2021-07-23,4275.0
2021-07-26,4263.0
2021-07-27,4271.5
2021-07-28,4260.0
2021-07-29,4296.0
2021-07-30,4265.0
2021-08-02,4265.0
2021-08-03,4247.5
2021-08-04,4258.0
2021-08-05,4242.0
2021-08-06,4160.0
2021-08-09,4096.0
2021-08-10,4110.0
2021-08-11,4144.0
2021-08-12,4150.0
2021-08-13,4185.0
2021-08-16,4208.0
2021-08-17,4225.0
2021-08-18,4240.5
2021-08-19,4252.0
2021-08-20,4255.0
2021-08-23,4300.0
2021-08-24,4283.5
2021-08-25,4255.5
2021-08-26,4276.0
2021-08-27,4301.0
2021-08-30,4275.0
2021-08-31,4275.0
2021-09-01,4258.5
2021-09-02,4236.0
2021-09-03,4273.0
2021-09-06,4276.5
2021-09-07,4228.0
2021-09-08,4210.0
2021-09-09,4211.5
2021-09-10,4220.0
2021-09-13,4190.0
2021-09-14,4231.5
2021-09-15,4165.0
2021-09-16,4086.51
2021-09-17,4101.0
2021-09-20,4163.5
2021-09-21,4166.0
2021-09-22,4148.0
2021-09-23,4077.0
2021-09-24,4086.0
2021-09-27,4085.0
2021-09-28,4054.0
2021-09-29,4044.0
2021-09-30,4109.5
2021-10-01,4118.0
2021-10-04,4111.0
2021-10-05,4094.5
2021-10-06,4105.5
2021-10-07,4047.0
2021-10-08,4059.0
2021-10-11,4053.0
2021-10-12,4067.0
2021-10-13,4146.5
2021-10-14,4121.6
2021-10-15,4036.0
2021-10-18,4048.0
2021-10-19,4030.01
2021-10-20,4060.0
2021-10-21,4070.0
2021-10-22,4045.0
2021-10-25,4052.0
2021-10-26,4007.0
2021-10-27,4083.0
2021-10-28,4069.0
2021-10-29,4064.0
2021-11-01,4122.0
2021-11-02,4115.0
2021-11-03,4095.01
2021-11-05,4165.0
2021-11-08,4174.0
2021-11-09,4170.0
2021-11-10,4217.0
2021-11-11,4283.5
2021-11-12,4367.29
2021-11-15,4352.0
2021-11-16,4350.0
2021-11-17,4343.0
2021-11-18,4365.0
2021-11-19,4373.0
2021-11-22,4339.0
2021-11-23,4268.5
2021-11-24,4300.5
2021-11-25,4297.0
2021-11-26,4339.0
2021-11-29,4278.0
2021-11-30,4241.09
2021-12-01,4233.0
2021-12-02,4175.0
2021-12-03,4233.5
2021-12-06,4244.5
2021-12-07,4254.0
2021-12-08,4222.5
2021-12-09,4207.0
2021-12-10,4201.5
2021-12-13,4226.0
2021-12-14,4200.0
2021-12-15,4196.0
2021-12-16,4258.0
2021-12-17,4285.01
2021-12-20,4274.0
2021-12-21,4255.5
2021-12-22,4275.0
2021-12-23,4270.0
2021-12-24,4315.4
2021-12-27,4274.5
2021-12-28,4283.79
2021-12-29,4297.0
2021-12-30,4357.0
2022-01-03,4317.0
2022-01-04,4394.0
2022-01-05,4481.5
2022-01-06,4388.0
2022-01-07,4340.0
2022-01-10,4351.01
2022-01-11,4359.0
2022-01-12,4389.5
2022-01-13,4464.5
2022-01-14,4462.0
2022-01-17,4441.5
2022-01-18,4487.5
2022-01-19,4512.0
2022-01-20,4536.5
2022-01-21,4562.0
2022-01-24,4663.77
2022-01-25,4665.0
2022-01-26,4662.0
2022-01-27,4500.0
2022-01-28,4470.5
2022-01-31,4473.5
2022-02-01,4460.5
2022-02-02,4427.0
2022-02-03,4438.0
2022-02-04,4404.0
2022-02-07,4418.5
2022-02-08,4405.5
2022-02-09,4392.5
2022-02-10,4403.0
2022-02-11,4591.0
2022-02-14,4632.75
2022-02-15,4498.0
2022-02-16,4528.0
2022-02-17,4655.0
2022-02-18,4708.5
2022-02-21,4876.5
2022-02-22,4917.0
2022-02-23,4964.0
2022-02-24,5330.0
2022-02-25,5075.5
2022-02-28,6000.0
2022-03-01,5500.1
2022-03-02,6251.0
2022-03-03,7056.4
2022-03-04,6872.0
2022-03-09,7900.0
2022-03-10,7949.97
2022-03-11,7540.0
2022-03-14,7200.0
2022-03-15,6837.5
2022-03-16,6499.9
2022-03-17,6537.0
2022-03-18,6538.88
2022-03-21,6400.0
2022-03-22,6360.0
2022-03-23,6100.0
2022-03-24,5960.0
2022-03-25,5945.0
2022-03-28,5600.0
2022-03-29,5250.0
2022-03-30,5109.99
2022-03-31,5030.01
2022-04-01,5000.0
2022-04-04,5010.04
2022-04-05,5199.98
2022-04-06,5025.0
2022-04-07,4818.99
2022-04-08,4770.0
2022-04-11,4980.0
2022-04-12,4964.98
2022-04-13,4978.97
2022-04-14,5040.0
2022-04-15,5050.0
2022-04-18,5068.0
2022-04-19,5049.99
2022-04-20,4881.0
2022-04-21,4765.0
2022-04-22,4661.67
2022-04-25,4625.01
2022-04-26,4444.99
2022-04-27,4368.0
2022-04-28,4205.0
2022-04-29,4250.0
2022-05-04,3885.0
2022-05-05,4050.0
2022-05-06,4169.99
2022-05-11,4050.0
2022-05-12,3842.0
2022-05-13,3760.0
2022-05-16,3692.99
2022-05-17,3643.97
2022-05-18,3441.98
2022-05-19,3484.98
2022-05-20,3493.49
2022-05-23,3479.9
2022-05-24,3329.19
2022-05-25,3498.98
2022-05-26,3705.0
2022-05-27,3692.98
2022-05-30,3599.94
2022-05-31,3529.84
2022-06-01,3470.0
2022-06-02,3464.99
2022-06-03,3484.98
2022-06-06,3487.97
2022-06-07,3449.59
2022-06-08,3385.0
2022-06-09,3255.02
2022-06-10,3347.17
2022-06-14,3300.0
2022-06-15,3295.68
2022-06-16,3242.0
2022-06-17,3233.01
2022-06-20,3239.99
2022-06-21,3198.0
2022-06-22,3145.0
2022-06-23,3035.0
2022-06-24,3030.0
2022-06-27,3000.0
2022-06-28,2986.99
2022-06-29,3050.0
2022-06-30,2999.3
2022-07-01,3166.5
2022-07-04,3159.98
2022-07-05,3380.0
2022-07-06,3478.6
2022-07-07,3404.1
2022-07-08,3259.0
2022-07-11,3196.99
2022-07-12,3150.0
2022-07-13,3114.99
2022-07-14,3088.0
2022-07-15,3050.0
2022-07-18,2980.0
2022-07-19,2974.5
2022-07-20,2975.4
2022-07-21,3010.0
2022-07-22,3084.99
2022-07-25,3070.0
2022-07-26,3232.23
2022-07-27,3257.09
2022-07-28,3384.29
2022-07-29,3428.0
2022-08-01,3440.9
2022-08-02,3490.01
2022-08-03,3426.07
2022-08-04,3472.56
2022-08-05,3478.0
2022-08-08,3440.0
2022-08-09,3424.95
2022-08-10,3445.0
2022-08-11,3480.02
2022-08-12,3433.03
2022-08-15,3458.0
2022-08-16,3449.0
2022-08-17,3419.65
2022-08-18,3338.7
2022-08-19,3304.99
2022-08-22,3260.0
2022-08-23,3280.0
2022-08-24,3310.87
2022-08-25,3366.97
2022-08-26,3349.0
2022-08-29,3330.04
2022-08-30,3314.0
2022-08-31,3310.0
2022-09-01,3260.84
2022-09-02,3289.0
2022-09-05,3319.06
2022-09-06,3325.0
2022-09-07,3285.0
2022-09-08,3330.0
2022-09-09,3324.0
2022-09-12,3330.0
2022-09-13,3290.0
2022-09-14,3280.96
2022-09-15,3246.99
2022-09-16,3223.05
2022-09-19,3220.47
2022-09-20,3220.01
2022-09-21,3257.99
2022-09-22,3171.1
2022-09-23,3105.3
2022-09-26,3100.67
2022-09-27,3107.4
2022-09-28,3150.0
2022-09-29,3117.99
2022-09-30,3236.0
2022-10-03,3225.2
2022-10-04,3290.44
2022-10-05,3280.0
2022-10-06,3335.0
2022-10-07,3307.0
2022-10-10,3319.0
2022-10-11,3380.0
2022-10-12,3405.02
2022-10-13,3347.0
2022-10-14,3321.0
2022-10-17,3290.0
2022-10-18,3291.0
2022-10-19,3272.0
2022-10-20,3259.0
2022-10-21,3232.9
2022-10-24,3230.0
2022-10-25,3251.05
2022-10-26,3287.0
2022-10-27,3294.96
2022-10-28,3288.07
2022-10-31,3271.0
2022-11-01,3299.0
2022-11-02,3274.9
2022-11-03,3274.0
2022-11-07,3314.01
2022-11-08,3350.1
2022-11-09,3398.49
2022-11-10,3408.0
2022-11-11,3404.93
2022-11-14,3414.96
2022-11-15,3428.45
2022-11-16,3419.55
2022-11-17,3430.0
2022-11-18,3413.0
2022-11-21,3399.0
2022-11-22,3395.0
2022-11-23,3407.0
2022-11-24,3421.5
2022-11-25,3409.5
2022-11-28,3433.05
2022-11-29,3430.0
2022-11-30,3425.0
2022-12-01,3504.9
2022-12-02,3523.0
2022-12-05,3560.0
2022-12-06,3555.0
2022-12-07,3576.0
2022-12-08,3580.0
2022-12-09,3590.91
2022-12-12,3593.0
2022-12-13,3612.04
2022-12-14,3677.0
2022-12-15,3646.02
2022-12-16,3708.27
2022-12-19,3798.67
2022-12-20,3929.0
2022-12-21,4035.06
2022-12-22,3890.01
2022-12-23,3922.0
2022-12-26,3920.08
2022-12-27,4019.9
2022-12-28,4052.0
2022-12-29,4070.02
2022-12-30,4043.0
2023-01-03,4149.98
2023-01-04,4198.0
2023-01-05,4182.0
2023-01-06,4192.08
2023-01-09,4169.99
2023-01-10,4172.0
2023-01-11,4109.99
2023-01-12,4068.49
2023-01-13,4120.0
2023-01-16,4161.0
2023-01-17,4170.0
2023-01-18,4177.0
2023-01-19,4195.3
2023-01-20,4197.99
2023-01-23,4186.02
2023-01-24,4249.98
2023-01-25,4253.2
2023-01-26,4253.99
2023-01-27,4253.13
2023-01-30,4283.0
2023-01-31,4273.51
2023-02-01,4339.9
2023-02-02,4335.03
2023-02-03,4270.0
2023-02-06,4253.02
2023-02-07,4265.16
2023-02-08,4323.11
2023-02-09,4367.99
2023-02-10,4336.45
2023-02-13,4379.99
2023-02-14,4349.97
2023-02-15,4359.49
2023-02-16,4383.49
2023-02-17,4330.01
2023-02-20,4387.01
2023-02-21,4384.05
2023-02-22,4383.97
2023-02-24,4393.5
2023-02-27,4340.11
2023-02-28,4373.99
2023-03-01,4406.05
2023-03-02,4424.98
2023-03-03,4474.99
2023-03-06,4492.43
2023-03-07,4457.05
2023-03-09,4462.45
2023-03-10,4527.0
2023-03-13,4599.98
2023-03-14,4617.04
2023-03-15,4738.98
2023-03-16,4750.03
2023-03-17,4854.99
2023-03-20,4949.49
2023-03-21,4880.01
2023-03-22,4845.0
2023-03-23,4848.88
2023-03-24,4910.0
2023-03-27,4851.28
2023-03-28,4879.0
2023-03-29,4889.0
2023-03-30,4899.98
2023-03-31,4940.02
2023-04-03,5021.99
2023-04-04,5116.0
2023-04-05,5100.11
2023-04-06,5184.95
2023-04-07,5154.11
2023-04-10,5186.99
2023-04-11,5281.0
2023-04-12,5279.17
2023-04-13,5327.98
2023-04-14,5275.0
2023-04-17,5201.09
2023-04-18,5258.99
2023-04-19,5215.01
2023-04-20,5230.01
2023-04-21,5190.0
2023-04-24,5175.0
2023-04-25,5202.02
2023-04-26,5244.98
2023-04-27,5195.09
2023-04-28,5157.0
2023-05-02,5198.73
2023-05-03,5184.99
2023-05-04,5170.0
2023-05-05,5058.99
2023-05-08,5125.0
2023-05-10,5004.89
2023-05-11,5061.09
2023-05-12,5058.0
2023-05-15,5143.99
2023-05-16,5152.11
2023-05-17,5095.01
2023-05-18,5082.8
2023-05-19,5084.99
2023-05-22,5069.0
2023-05-23,5057.74
2023-05-24,5088.99
2023-05-25,5043.0
2023-05-26,5000.03
2023-05-29,5058.96
2023-05-30,5095.0
2023-05-31,5110.01
2023-06-01,5112.02
2023-06-02,5135.0
2023-06-05,5083.51
2023-06-06,5106.01
2023-06-07,5124.92
2023-06-08,5198.01
2023-06-09,5182.0
2023-06-13,5257.01
2023-06-14,5273.97
2023-06-15,5203.0
2023-06-16,5239.99
2023-06-19,5240.99
2023-06-20,5240.0
2023-06-21,5193.04
2023-06-22,5167.91
2023-06-23,5182.0
2023-06-26,5250.0
2023-06-27,5225.0
2023-06-28,5260.0
2023-06-29,5315.0
2023-06-30,5429.99
2023-07-03,5398.0
2023-07-04,5426.88
2023-07-05,5498.9
2023-07-06,5525.0
2023-07-07,5529.99
2023-07-10,5476.01
2023-07-11,5494.88
2023-07-12,5542.0
2023-07-13,5510.02
2023-07-14,5546.99
2023-07-17,5580.0
2023-07-18,5628.98
2023-07-19,5659.98
2023-07-20,5639.96
2023-07-21,5670.01
2023-07-24,5609.99
2023-07-25,5611.97
2023-07-26,5625.0
2023-07-27,5620.0
2023-07-28,5674.9
2023-07-31,5705.0
2023-08-01,5709.89
2023-08-02,5768.98
2023-08-03,5782.01
2023-08-04,5879.99
2023-08-07,5866.99
2023-08-08,5959.99
2023-08-09,5920.02
2023-08-10,5991.84
2023-08-11,6097.0
2023-08-14,5913.89
2023-08-15,5928.99
2023-08-16,5715.0
2023-08-17,5675.31
2023-08-18,5674.89
2023-08-21,5659.9
2023-08-22,5723.9
2023-08-23,5790.0
2023-08-24,5861.0
2023-08-25,5898.98
2023-08-28,5947.0
2023-08-29,5979.0
2023-08-30,6025.0
2023-08-31,5980.99
2023-09-01,6005.07
2023-09-04,6036.98
2023-09-05,6090.0
2023-09-06,6077.01
2023-09-07,6076.0
2023-09-08,6024.5
2023-09-11,5869.98
2023-09-12,5796.01
2023-09-13,5887.99
2023-09-14,5900.03
2023-09-15,5969.0
2023-09-18,5968.0
2023-09-19,5975.03
2023-09-20,5979.02
2023-09-21,5873.98
2023-09-22,5870.4
2023-09-25,5868.5
2023-09-26,5820.0
2023-09-27,5787.01
2023-09-28,5806.99
2023-09-29,5828.26
2023-10-02,5830.0
2023-10-03,5827.0
2023-10-04,5820.0
2023-10-05,5795.0
2023-10-06,5839.26
2023-10-09,5855.95
2023-10-10,5953.69
2023-10-11,5927.98
2023-10-12,5775.0
2023-10-13,5850.0
2023-10-16,5900.0
2023-10-17,5928.0
2023-10-18,5959.91
2023-10-19,5921.11
2023-10-20,5948.0
2023-10-23,5879.82
2023-10-24,5818.87
2023-10-25,5795.0
2023-10-26,5849.79
2023-10-27,5845.0
2023-10-30,5814.98
2023-10-31,5818.99
2023-11-01,5727.95
2023-11-02,5775.18
2023-11-03,5776.02
2023-11-06,5745.51
2023-11-07,5715.5
2023-11-08,5681.0
2023-11-09,5673.92
2023-11-10,5676.89
2023-11-13,5630.0
2023-11-14,5636.0
2023-11-15,5620.0
2023-11-16,5535.0
2023-11-17,5580.0
2023-11-20,5501.8
2023-11-21,5556.2
2023-11-22,5539.5
2023-11-23,5545.2
2023-11-24,5555.75
2023-11-27,5590.0
2023-11-28,5661.0
2023-11-29,5682.0
2023-11-30,5712.01
2023-12-01,5784.0
2023-12-04,5830.12
2023-12-05,5855.2
2023-12-06,5887.0
2023-12-07,5841.98
2023-12-08,5704.01
2023-12-11,5623.61
2023-12-12,5570.0
2023-12-13,5580.0
2023-12-14,5734.98
2023-12-15,5713.26
2023-12-18,5696.99
2023-12-19,5718.38
2023-12-20,5715.0
2023-12-21,5811.48
2023-12-22,5820.07
2023-12-25,5862.63
2023-12-26,5885.86
2023-12-27,5915.21
2023-12-28,5873.29
2023-12-29,5912.72
2024-01-03,5910.89
2024-01-04,5885.12
2024-01-05,5868.85
2024-01-08,5838.77
2024-01-09,5809.58
2024-01-10,5801.99
2024-01-11,5764.99
2024-01-12,5833.79
2024-01-15,5781.57
2024-01-16,5760.0
2024-01-17,5748.92
2024-01-18,5759.8
2024-01-19,5733.6
2024-01-22,5695.0
2024-01-23,5730.0
2024-01-24,5750.07
2024-01-25,5775.01
2024-01-26,5799.9
2024-01-29,5765.0
2024-01-30,5800.06
2024-01-31,5851.99
2024-02-01,5873.95
2024-02-02,5891.99
2024-02-05,5838.91
2024-02-06,5890.8
2024-02-07,5870.03
2024-02-08,5821.31
2024-02-09,5817.57
2024-02-12,5816.91
2024-02-13,5792.13
2024-02-14,5801.01
2024-02-15,5870.01
2024-02-16,5877.99
2024-02-19,5901.0
2024-02-20,5919.01
2024-02-21,5931.02
2024-02-22,5939.99
2024-02-26,5990.01
2024-02-27,6006.05
2024-02-28,5949.9
2024-02-29,5954.98
2024-03-01,6034.0
2024-03-04,6079.9
2024-03-05,6177.0
2024-03-06,6176.0
2024-03-07,6220.1
2024-03-11,6295.4
2024-03-12,6307.0
2024-03-13,6351.1
2024-03-14,6333.0
2024-03-15,6455.1
2024-03-18,6366.2
2024-03-19,6401.1
2024-03-20,6434.8
2024-03-21,6465.1
2024-03-22,6466.1
2024-03-25,6536.9
2024-03-26,6517.6
2024-03-27,6559.9
2024-03-28,6654.8
2024-03-29,6686.9
2024-04-01,6759.6
2024-04-02,6845.7
2024-04-03,6869.0
2024-04-04,6853.4
2024-04-05,6919.9
2024-04-08,7018.9
2024-04-09,7094.9
2024-04-10,7118.7
2024-04-11,7085.0
2024-04-12,7265.3
2024-04-15,7099.4
2024-04-16,7262.1
2024-04-17,7220.0
2024-04-18,7149.1
2024-04-19,7098.2
2024-04-22,6932.6
2024-04-23,6839.9
2024-04-24,6849.9
2024-04-25,6858.0
2024-04-26,6899.7
2024-04-29,6896.5
2024-04-30,6818.0
2024-05-02,6740.0
2024-05-03,6718.0
2024-05-06,6758.2
2024-05-07,6691.5
2024-05-08,6759.0
2024-05-10,6922.0
2024-05-13,6812.8
2024-05-14,6821.0
2024-05-15,6855.0
2024-05-16,6869.6
2024-05-17,6912.4
2024-05-20,6990.0
2024-05-21,6969.5
2024-05-22,6880.1
2024-05-23,6745.0
2024-05-24,6730.0
2024-05-27,6707.0
2024-05-28,6687.9
2024-05-29,6680.1
2024-05-30,6705.2
2024-05-31,6671.0
2024-06-03,6610.0
2024-06-04,6585.0
2024-06-05,6680.0
2024-06-06,6724.0
2024-06-07,6622.9
2024-06-10,6564.9
2024-06-11,6609.9
2024-06-13,6538.0
2024-06-14,6608.0
2024-06-17,6494.9
2024-06-18,6423.1
2024-06-19,6360.2
2024-06-20,6577.0
2024-06-21,6624.9
2024-06-24,6513.4
2024-06-25,6531.2
2024-06-26,6475.4
2024-06-27,6490.2
2024-06-28,6524.0
2024-07-01,6583.9
2024-07-02,6580.0
2024-07-03,6700.0
2024-07-04,6735.0
2024-07-05,6721.2
2024-07-08,6790.9
2024-07-09,6685.0
2024-07-10,6729.0
2024-07-11,6814.8
2024-07-12,6785.2
2024-07-15,6823.1
2024-07-16,6935.0
2024-07-17,6920.0
2024-07-18,6926.0
2024-07-19,6830.0
2024-07-22,6767.1
2024-07-23,6760.0
2024-07-24,6770.0
2024-07-25,6634.8
2024-07-26,6730.0
2024-07-29,6655.0
2024-07-30,6715.9
2024-07-31,6760.0
2024-08-01,6766.9
2024-08-02,6730.5
2024-08-05,6665.0
2024-08-06,6644.9
2024-08-07,6647.9
2024-08-08,6730.0
2024-08-09,6740.0
2024-08-12,6949.6
2024-08-13,7020.1
2024-08-14,6839.9
2024-08-15,6886.9
2024-08-16,6972.0
2024-08-19,7058.0
2024-08-20,7133.9
2024-08-21,7117.9
2024-08-22,7019.9
2024-08-23,7159.9
2024-08-26,7219.1
2024-08-27,7251.0
2024-08-28,7260.3
2024-08-29,7361.0
2024-08-30,7251.0
2024-09-02,7218.9
2024-09-03,7055.0
2024-09-04,7172.0
2024-09-05,7163.0
2024-09-06,7220.0
2024-09-09,7240.0
2024-09-10,7313.0
2024-09-11,7303.5
2024-09-12,7421.1
2024-09-13,7508.1
2024-09-16,7590.4
2024-09-17,7554.0
2024-09-18,7570.0
2024-09-19,7660.2
2024-09-20,7763.7
2024-09-23,7814.9
2024-09-24,7790.1
2024-09-25,7879.1
2024-09-26,7907.4
2024-09-27,7908.5
2024-09-30,7909.0
2024-10-01,7993.0
2024-10-02,8049.9
2024-10-03,8018.2
2024-10-04,8118.8
2024-10-07,8150.5
2024-10-08,8080.0
2024-10-09,8127.9
2024-10-10,8114.0
2024-10-11,8122.5
2024-10-14,8135.1
2024-10-15,8247.0
2024-10-16,8254.0
2024-10-17,8300.0
2024-10-18,8353.0
2024-10-21,8422.2
2024-10-22,8479.0
2024-10-23,8428.0
2024-10-24,8435.0
2024-10-25,8402.0
2024-10-28,8516.6
2024-10-29,8612.8
2024-10-30,8658.7
2024-10-31,8530.0
2024-11-01,8620.0
2024-11-04,8619.7
2024-11-05,8631.1
2024-11-06,8356.3
2024-11-07,8445.0
2024-11-08,8473.0
2024-11-11,8100.6
2024-11-12,8151.0
2024-11-13,8168.9
2024-11-14,8105.0
2024-11-15,8116.0
2024-11-18,8319.6
2024-11-19,8411.0
2024-11-20,8474.8
2024-11-21,8633.0
2024-11-22,8888.2
2024-11-25,8820.3
2024-11-26,8934.9
2024-11-27,9036.8
2024-11-28,9000.0
2024-11-29,8980.0
2024-12-02,8990.0
2024-12-03,8897.9
2024-12-04,8881.1
2024-12-05,8547.9
2024-12-06,8385.0
2024-12-09,8654.0
2024-12-10,8643.9
2024-12-11,8886.2
2024-12-12,8699.0
2024-12-13,8709.9
2024-12-16,8661.9
2024-12-17,8641.4
2024-12-18,8629.9
2024-12-19,8524.4
2024-12-20,8660.0
2024-12-23,8518.9
2024-12-24,8440.0
2024-12-25,8435.0
2024-12-26,8458.4
2024-12-27,8429.9
2024-12-30,8565.5
2025-01-03,8710.6
2025-01-06,8619.0
2025-01-08,8640.0
2025-01-09,8760.0
2025-01-10,8890.0
2025-01-13,8833.2
2025-01-14,8855.1
2025-01-15,8905.3
2025-01-16,8989.9
2025-01-17,8955.0
2025-01-20,8934.9
2025-01-21,8848.0
2025-01-22,8835.0
2025-01-23,8831.5
2025-01-24,8866.7
2025-01-27,8723.0
2025-01-28,8673.8
2025-01-29,8671.0
2025-01-30,8751.1
2025-01-31,8840.0
2025-02-03,8892.9
2025-02-04,8865.3
2025-02-05,8850.4
2025-02-06,8920.0
2025-02-07,8999.9
2025-02-10,8977.0
2025-02-11,8903.0
2025-02-12,8756.8
2025-02-13,8600.0
2025-02-14,8678.4
2025-02-17,8520.9
2025-02-18,8611.9
2025-02-19,8600.0
2025-02-20,8377.0
2025-02-21,8355.0
2025-02-24,8303.2
2025-02-25,8109.0
2025-02-26,8219.6
2025-02-27,8209.4
2025-02-28,8168.5
2025-03-03,8318.0
2025-03-04,8360.9
2025-03-05,8415.0
2025-03-06,8419.9
2025-03-07,8350.0
2025-03-10,8230.0
2025-03-11,8157.0
2025-03-12,8212.9
2025-03-13,8294.0
2025-03-14,8289.8
2025-03-17,8102.0
2025-03-18,8149.2
2025-03-19,8260.0
2025-03-20,8323.4
2025-03-21,8321.8
2025-03-24,8291.9
2025-03-25,8208.4
2025-03-26,8157.0
2025-03-27,8160.0
2025-03-28,8408.0
2025-03-31,8500.1
2025-04-01,8415.0
2025-04-02,8461.1
2025-04-03,8415.3
2025-04-04,8420.7
2025-04-07,8311.3
2025-04-08,8360.0
2025-04-09,8514.9
2025-04-10,8577.0
2025-04-11,8589.0
2025-04-14,8568.0
2025-04-15,8605.0
2025-04-16,8851.0
2025-04-17,8697.9
2025-04-18,8710.0
2025-04-21,8919.0
2025-04-22,9033.0
2025-04-23,8723.6
2025-04-24,8846.8
2025-04-25,8739.0
2025-04-28,8698.9
2025-04-29,8662.1
2025-04-30,8610.3
2025-05-02,8599.8
2025-05-05,8675.0
2025-05-06,8802.0
2025-05-07,8853.2
2025-05-08,8773.1
2025-05-12,8417.0
2025-05-13,8450.0
2025-05-14,8325.0
2025-05-15,8326.9
2025-05-16,8340.0
2025-05-19,8360.9
2025-05-20,8513.0
2025-05-21,8479.9
2025-05-22,8459.9
2025-05-23,8529.6
2025-05-26,8513.1
2025-05-27,8407.0
2025-05-28,8348.3
2025-05-29,8275.1
2025-05-30,8285.8
2025-06-02,8476.0
2025-06-03,8443.7
2025-06-04,8560.0
2025-06-05,8485.8
2025-06-06,8440.0
2025-06-09,8411.0
2025-06-10,8290.4
2025-06-11,8435.0
2025-06-13,8541.2
2025-06-16,8515.0
2025-06-17,8444.4
2025-06-18,8465.0
2025-06-19,8430.0
2025-06-20,8388.0
2025-06-23,8436.0
2025-06-24,8280.5
2025-06-25,8280.0
2025-06-26,8295.0
2025-06-27,8176.0
2025-06-30,8208.0
2025-07-01,8340.0
2025-07-02,8363.6
2025-07-03,8352.8
2025-07-04,8350.0
2025-07-07,8290.0
2025-07-08,8230.0
2025-07-09,8255.2
2025-07-10,8242.1
2025-07-11,8396.0
2025-07-14,8338.8
2025-07-15,8292.0
2025-07-16,8350.2
2025-07-17,8314.8
2025-07-18,8371.1
2025-07-21,8439.6
2025-07-22,8510.0
2025-07-23,8483.3
2025-07-24,8483.0
2025-07-25,8397.7
2025-07-28,8539.0
2025-07-29,8660.9
2025-07-30,8500.0
2025-07-31,8421.1
2025-08-01,8510.0
2025-08-04,8571.0
2025-08-05,8634.8
2025-08-06,8640.0
2025-08-07,8602.8
2025-08-08,8655.0
2025-08-11,8530.0
2025-08-12,8490.0
2025-08-13,8550.1
2025-08-14,8503.0
2025-08-15,8532.0
2025-08-18,8571.8
2025-08-19,8541.3
2025-08-20,8569.0
2025-08-21,8593.7
2025-08-22,8654.9
2025-08-25,8649.9
2025-08-26,8650.0
2025-08-27,8696.7
2025-08-28,8710.0
2025-08-29,8810.2
2025-09-01,8890.0
2025-09-02,9025.0
2025-09-03,9130.0
2025-09-04,9134.2
2025-09-05,9284.3
2025-09-08,9558.6
2025-09-09,9741.0
2025-09-10,9862.0
2025-09-11,9811.9
2025-09-12,9747.6
2025-09-15,9640.3
2025-09-16,9759.4
2025-09-17,9694.0
2025-09-18,9640.0
2025-09-19,9715.0
2025-09-22,9857.6
2025-09-23,10043.0
2025-09-24,9935.0
2025-09-25,9944.5
2025-09-26,9990.0
2025-09-29,10100.0
2025-09-30,10046.0
2025-10-01,10009.7
2025-10-02,9860.0
2025-10-03,10120.5
2025-10-06,10370.0
2025-10-07,10370.0
2025-10-08,10480.0
2025-10-09,10391.6
2025-10-10,10444.0
2025-10-13,10520.2
2025-10-14,10558.0
2025-10-15,10587.8
2025-10-16,10964.9
2025-10-17,11044.0
2025-10-20,11207.0
2025-10-21,10880.0
2025-10-22,10529.0
2025-10-23,10850.0
2025-10-24,10554.9
2025-10-27,10224.9
2025-10-28,10083.9
2025-10-29,10290.0
2025-10-30,10354.9
2025-10-31,10399.0
2025-11-03,10410.0
2025-11-05,10369.9
2025-11-06,10354.0
2025-11-07,10356.9
2025-11-10,10632.1
2025-11-11,10666.8
2025-11-12,10840.0
2025-11-13,10887.3
2025-11-14,10637.4
2025-11-17,10618.7
2025-11-18,10572.0
2025-11-19,10610.0
2025-11-20,10473.0
2025-11-21,10340.2
2025-11-24,10326.8
2025-11-25,10440.0
2025-11-26,10484.4
2025-11-27,10400.1
2025-11-28,10400.0
2025-12-01,10557.0
2025-12-02,10415.0
2025-12-03,10455.0
2025-12-04,10303.7
2025-12-05,10459.9
2025-12-08,10372.9
2025-12-09,10484.0
2025-12-10,10540.1
2025-12-11,10695.0
2025-12-12,10843.2
2025-12-15,10920.0
2025-12-16,10879.7
2025-12-17,10956.0
2025-12-18,11000.0
2025-12-19,10961.0
2025-12-22,11000.0
2025-12-23,10999.9
2025-12-24,11000.0
2025-12-25,10967.8
2025-12-26,11049.9
2025-12-29,10724.0
2025-12-30,11011.9
2026-01-05,11354.0
2026-01-06,11389.7
2026-01-08,11260.1
2026-01-09,11327.0
2026-01-12,11665.0
2026-01-13,11614.0
2026-01-14,11540.1
2026-01-15,11520.2
2026-01-16,11457.8
2026-01-19,11645.0
2026-01-20,11810.0
2026-01-21,11914.0
2026-01-22,11787.0
2026-01-23,12006.0
2026-01-26,12497.0
2026-01-27,12406.6
2026-01-28,12929.0
2026-01-29,12838.7
2026-01-30,12260.0
2026-02-02,11490.0
2026-02-03,12300.0
2026-02-04,12135.0
2026-02-05,11880.0
2026-02-06,12330.0
2026-02-09,12690.0
2026-02-10,12530.0
2026-02-11,12572.0
2026-02-12,12552.1
2026-02-13,12317.2
2026-02-16,12317.0
2026-02-17,11962.9
2026-02-18,12308.0
2026-02-19,12320.0
2026-02-20,12463.0
2026-02-24,12660.0
2026-02-25,12972.1
2026-02-26,12887.6
2026-02-27,12999.0
2026-03-02,13345.9
2026-03-03,12698.9
2026-03-04,12825.1
2026-03-05,12945.5
2026-03-06,12999.6
2026-03-09,12764.2
2026-03-10,13228.8
2026-03-11,13135.9
2026-03-12,13058.0
2026-03-13,13026.7
2026-03-16,12974.1
2026-03-17,13114.3
2026-03-18,12944.0
2026-03-19,12470.0
2026-03-20,12248.0
2026-03-23,11500.0
2026-03-24,11469.9
2026-03-25,11849.9
2026-03-26,11514.5
2026-03-27,11809.8
